{
	"id": "MainWidget",
    "title": "Main Widget",
    "category": "sitaWidgets",
    "description": "The Main Widget that contains 3 taps",
    "definition": "MainWidget.json",
    "runtimeClassName": "hk.com.sita.widgets.MainWidget.MainWidget",
	"properties":[
		{
            "propertyType":"property",
            "type":"string",
            "id":"PreferredHeight",
            "defaultValue":"100%",
            "disabled": true,
            "required":false,
            "visibility":false,
            "title":"Preferred Height"
        },
        {
            "propertyType": "property",
            "type": "boolean",
            "id": "commentsAreReadOnly",
            "defaultValue": false,
            "required": true,
            "visibility": true,
            "title": "Comments are read only"
        }
	],
    "events":[
        {
            "id": "icm.SelectCase",
            "title": "Select case",
            "functionName": "handleICM_eSoSCaseEvent",
            "direction": "subscribed",
            "description": "Display the case information for the case that is contained in the event payload."
        },
        {
            "id": "icm.SaveCase",
            "title": "Save case",
            "functionName": "handleICM_SaveCaseEvent",
            "direction": "subscribed",
            "description": "Display the case information for the case that is contained in the event payload."
        },
		{
            "id": "icm.OpenDocument",
            "type": "broadcast",
            "title": "Document opened",
            "direction": "published",
            "description": "The user opened a document or an initiating document was opened when the widget loaded."
        }
    ]
}
